category,order_month,items_sold,revenue,avg_price
baby,2018-08-01 00:00:00,212,21266.57,100.31
housewares,2018-04-01 00:00:00,462,44363.29,96.02
baby,2018-06-01 00:00:00,223,30550.32,137.0
perfumery,2017-11-01 00:00:00,304,31612.13,103.99
furniture_decor,2017-08-01 00:00:00,426,33595.89,78.86
computers_accessories,2018-01-01 00:00:00,688,80503.87,117.01
garden_tools,2018-05-01 00:00:00,288,37700.79,130.91
baby,2017-08-01 00:00:00,127,19160.1,150.87
cool_stuff,2017-11-01 00:00:00,297,55696.66,187.53
health_beauty,2017-07-01 00:00:00,308,34239.45,111.17
auto,2017-02-01 00:00:00,83,12358.78,148.9
cool_stuff,2017-03-01 00:00:00,118,20583.33,174.44
agro_industry_and_commerce,2018-03-01 00:00:00,26,5161.0,198.5
home_construction,2018-06-01 00:00:00,71,9094.59,128.09
pet_shop,2018-05-01 00:00:00,136,11708.46,86.09
luggage_accessories,2018-07-01 00:00:00,54,5821.72,107.81
toys,2018-06-01 00:00:00,190,21094.95,111.03
baby,2017-05-01 00:00:00,102,8933.72,87.59
toys,2017-08-01 00:00:00,182,17675.37,97.12
health_beauty,2017-09-01 00:00:00,376,50649.16,134.71
office_furniture,2018-01-01 00:00:00,142,19485.42,137.22
telephony,2018-03-01 00:00:00,334,24759.43,74.13
computers_accessories,2017-11-01 00:00:00,512,69676.32,136.09
bed_bath_table,2017-06-01 00:00:00,369,33803.23,91.61
health_beauty,2018-03-01 00:00:00,656,84488.57,128.79
watches_gifts,2018-08-01 00:00:00,411,69767.06,169.75
cool_stuff,2017-06-01 00:00:00,199,38109.61,191.51
furniture_decor,2017-05-01 00:00:00,271,22312.54,82.33
kitchen_dining_laundry_garden_furniture,2018-02-01 00:00:00,19,4621.16,243.22
toys,2018-08-01 00:00:00,165,16923.75,102.57
office_furniture,2017-11-01 00:00:00,101,17919.2,177.42
bed_bath_table,2018-01-01 00:00:00,836,75408.13,90.2
computers_accessories,2017-06-01 00:00:00,254,36193.7,142.49
furniture_decor,2018-06-01 00:00:00,402,42042.22,104.58
bed_bath_table,2017-11-01 00:00:00,961,87957.63,91.53
fashion_bags_accessories,2018-08-01 00:00:00,126,8127.53,64.5
stationery,2017-09-01 00:00:00,75,5851.52,78.02
furniture_decor,2018-08-01 00:00:00,430,41168.55,95.74
market_place,2017-08-01 00:00:00,23,1937.39,84.23
fashion_bags_accessories,2017-08-01 00:00:00,95,6438.89,67.78
bed_bath_table,2017-03-01 00:00:00,279,25120.02,90.04
cool_stuff,2018-01-01 00:00:00,296,38942.41,131.56
signaling_and_security,2018-04-01 00:00:00,36,2222.3,61.73
watches_gifts,2017-08-01 00:00:00,211,36170.95,171.43
toys,2017-05-01 00:00:00,196,22179.25,113.16
construction_tools_construction,2018-04-01 00:00:00,90,12933.83,143.71
computers_accessories,2017-03-01 00:00:00,171,28078.8,164.2
perfumery,2018-01-01 00:00:00,223,19555.37,87.69
sports_leisure,2017-01-01 00:00:00,74,9212.14,124.49
telephony,2017-09-01 00:00:00,173,18278.37,105.66
perfumery,2017-03-01 00:00:00,105,19608.14,186.74
watches_gifts,2017-05-01 00:00:00,129,36619.48,283.87
fashion_bags_accessories,2017-05-01 00:00:00,104,7192.0,69.15
luggage_accessories,2017-10-01 00:00:00,56,6240.34,111.43
watches_gifts,2018-06-01 00:00:00,477,85027.57,178.25
musical_instruments,2018-05-01 00:00:00,61,18757.07,307.49
telephony,2017-07-01 00:00:00,143,9052.87,63.31
sports_leisure,2017-02-01 00:00:00,149,15629.98,104.9
audio,2016-10-01 00:00:00,2,156.99,78.5
home_appliances,2018-04-01 00:00:00,104,15019.63,144.42
electronics,2017-02-01 00:00:00,19,1218.85,64.15
furniture_living_room,2017-02-01 00:00:00,21,3409.64,162.36
computers,2017-08-01 00:00:00,28,32400.0,1157.14
air_conditioning,2018-05-01 00:00:00,14,1851.3,132.24
books_general_interest,2017-08-01 00:00:00,27,2275.0,84.26
fixed_telephony,2018-02-01 00:00:00,11,4738.68,430.79
stationery,2018-03-01 00:00:00,163,12993.74,79.72
home_construction,2018-08-01 00:00:00,48,6286.16,130.96
fashion_underwear_beach,2017-08-01 00:00:00,13,1111.0,85.46
perfumery,2017-06-01 00:00:00,148,23954.32,161.85
fashion_shoes,2018-02-01 00:00:00,11,1033.7,93.97
books_technical,2018-04-01 00:00:00,23,1172.1,50.96
luggage_accessories,2017-12-01 00:00:00,46,5969.21,129.77
small_appliances,2017-02-01 00:00:00,28,7251.58,258.98
fashion_bags_accessories,2018-06-01 00:00:00,87,7869.95,90.46
market_place,2017-05-01 00:00:00,22,2476.98,112.59
office_furniture,2017-03-01 00:00:00,74,10793.85,145.86
books_general_interest,2018-08-01 00:00:00,36,1564.78,43.47
auto,2017-01-01 00:00:00,31,4820.03,155.48
electronics,2017-01-01 00:00:00,11,617.0,56.09
home_appliances_2,2018-04-01 00:00:00,23,20741.69,901.81
stationery,2017-07-01 00:00:00,77,6906.85,89.7
tablets_printing_image,2017-02-01 00:00:00,8,792.0,99.0
food_drink,2018-02-01 00:00:00,23,1018.3,44.27
furniture_living_room,2017-01-01 00:00:00,10,1241.9,124.19
computers,2018-08-01 00:00:00,12,8711.5,725.96
small_appliances,2017-01-01 00:00:00,6,1660.79,276.8
books_imported,2018-01-01 00:00:00,6,583.0,97.17
books_general_interest,2018-06-01 00:00:00,37,3229.59,87.29
air_conditioning,2016-10-01 00:00:00,8,1349.29,168.66
consoles_games,2018-02-01 00:00:00,51,11763.83,230.66
cine_photo,2017-11-01 00:00:00,1,242.0,242.0
construction_tools_lights,2018-01-01 00:00:00,7,2392.99,341.86
books_imported,2017-11-01 00:00:00,3,247.0,82.33
construction_tools_safety,2018-01-01 00:00:00,11,2228.89,202.63
computers,2018-06-01 00:00:00,13,13127.0,1009.77
arts_and_craftmanship,2018-07-01 00:00:00,11,654.57,59.51
books_general_interest,2017-05-01 00:00:00,20,1841.57,92.08
costruction_tools_tools,2018-07-01 00:00:00,12,5501.2,458.43
office_furniture,2017-06-01 00:00:00,50,7279.13,145.58
costruction_tools_tools,2017-12-01 00:00:00,6,349.4,58.23
luggage_accessories,2017-04-01 00:00:00,48,7090.3,147.71
costruction_tools_tools,2017-10-01 00:00:00,5,1018.6,203.72
furniture_bedroom,2018-04-01 00:00:00,7,1301.9,185.99
pet_shop,2016-10-01 00:00:00,4,689.68,172.42
audio,2018-05-01 00:00:00,21,2697.68,128.46
home_comfort_2,2017-01-01 00:00:00,2,72.8,36.4
market_place,2018-06-01 00:00:00,7,556.46,79.49
drinks,2018-02-01 00:00:00,31,1919.95,61.93
food,2018-04-01 00:00:00,40,1665.43,41.64
industry_commerce_and_business,2017-02-01 00:00:00,1,119.0,119.0
home_construction,2017-08-01 00:00:00,1,124.8,124.8
christmas_supplies,2018-05-01 00:00:00,6,524.53,87.42
music,2018-02-01 00:00:00,2,244.97,122.49
market_place,2018-08-01 00:00:00,8,949.27,118.66
costruction_tools_tools,2017-04-01 00:00:00,1,729.0,729.0
fashio_female_clothing,2017-04-01 00:00:00,1,64.9,64.9
home_construction,2017-05-01 00:00:00,7,1620.5,231.5
home_confort,2018-05-01 00:00:00,21,2708.7,128.99
agro_industry_and_commerce,2017-09-01 00:00:00,4,1993.99,498.5
art,2018-02-01 00:00:00,12,1216.71,101.39
construction_tools_safety,2017-11-01 00:00:00,14,3280.69,234.34
books_imported,2017-06-01 00:00:00,2,99.0,49.5
construction_tools_lights,2017-11-01 00:00:00,10,2199.48,219.95
fashion_underwear_beach,2018-06-01 00:00:00,7,129.3,18.47
garden_tools,2016-10-01 00:00:00,5,1359.88,271.98
costruction_tools_garden,2017-02-01 00:00:00,2,579.98,289.99
fashion_underwear_beach,2017-05-01 00:00:00,7,283.5,40.5
dvds_blu_ray,2018-02-01 00:00:00,1,24.9,24.9
small_appliances_home_oven_and_coffee,2017-06-01 00:00:00,1,71.9,71.9
fashion_male_clothing,2018-05-01 00:00:00,1,129.99,129.99
fashion_underwear_beach,2018-08-01 00:00:00,1,160.0,160.0
fashion_male_clothing,2016-10-01 00:00:00,1,24.9,24.9
cine_photo,2017-06-01 00:00:00,1,79.0,79.0
small_appliances_home_oven_and_coffee,2018-01-01 00:00:00,1,369.99,369.99
cine_photo,2018-01-01 00:00:00,2,199.98,99.99
unknown,2018-08-01 00:00:00,31,2199.05,70.94
agro_industry_and_commerce,2017-07-01 00:00:00,1,1180.0,1180.0
unknown,2017-08-01 00:00:00,75,4968.45,66.25
unknown,2018-06-01 00:00:00,23,2387.13,103.79
unknown,2017-05-01 00:00:00,91,10818.34,118.88
portateis_cozinha_e_preparadores_de_alimentos,2018-08-01 00:00:00,4,1803.6,450.9
musical_instruments,2018-03-01 00:00:00,53,8931.4,168.52
sports_leisure,2017-06-01 00:00:00,269,32066.93,119.21
furniture_decor,2017-10-01 00:00:00,375,30009.74,80.03
bed_bath_table,2017-02-01 00:00:00,157,15572.13,99.19
computers_accessories,2017-02-01 00:00:00,100,11319.09,113.19
sports_leisure,2018-01-01 00:00:00,642,86172.83,134.23
fashion_bags_accessories,2017-10-01 00:00:00,108,7584.66,70.23
computers,2017-12-01 00:00:00,23,16741.0,727.87
home_construction,2017-10-01 00:00:00,18,4201.17,233.4
construction_tools_construction,2018-02-01 00:00:00,68,8991.07,132.22
musical_instruments,2017-07-01 00:00:00,30,7282.59,242.75
furniture_decor,2017-12-01 00:00:00,378,31073.09,82.2
watches_gifts,2017-10-01 00:00:00,308,64874.63,210.63
furniture_decor,2018-07-01 00:00:00,436,45393.59,104.11
furniture_living_room,2018-01-01 00:00:00,22,2308.1,104.91
watches_gifts,2018-07-01 00:00:00,519,94886.79,182.83
auto,2018-01-01 00:00:00,267,35855.02,134.29
watches_gifts,2017-12-01 00:00:00,353,69556.92,197.05
home_construction,2018-07-01 00:00:00,60,6700.25,111.67
costruction_tools_tools,2018-08-01 00:00:00,14,1255.77,89.7
toys,2017-12-01 00:00:00,436,55064.56,126.29
housewares,2018-02-01 00:00:00,391,34877.47,89.2
furniture_decor,2017-04-01 00:00:00,191,19211.23,100.58
sports_leisure,2017-11-01 00:00:00,597,62686.24,105.0
toys,2018-07-01 00:00:00,153,16833.01,110.02
home_appliances,2018-02-01 00:00:00,48,5542.45,115.47
luggage_accessories,2017-08-01 00:00:00,62,6533.1,105.37
electronics,2018-01-01 00:00:00,348,15884.28,45.64
industry_commerce_and_business,2017-11-01 00:00:00,6,1994.87,332.48
telephony,2018-05-01 00:00:00,250,18944.28,75.78
toys,2017-04-01 00:00:00,113,13039.43,115.39
auto,2017-06-01 00:00:00,110,29335.71,266.69
fashion_bags_accessories,2017-04-01 00:00:00,48,3095.9,64.5
auto,2017-03-01 00:00:00,78,13272.93,170.17
watches_gifts,2017-04-01 00:00:00,95,23336.09,245.64
fashion_male_clothing,2017-07-01 00:00:00,9,719.99,80.0
health_beauty,2018-05-01 00:00:00,751,94534.38,125.88
small_appliances,2018-01-01 00:00:00,53,14261.81,269.09
computers_accessories,2017-01-01 00:00:00,31,3924.14,126.59
sports_leisure,2017-03-01 00:00:00,190,25472.89,134.07
perfumery,2017-02-01 00:00:00,49,8040.38,164.09
auto,2017-11-01 00:00:00,259,34619.19,133.66
food_drink,2018-04-01 00:00:00,18,605.07,33.62
pet_shop,2017-07-01 00:00:00,85,6575.97,77.36
home_construction,2017-12-01 00:00:00,38,6525.3,171.72
baby,2017-12-01 00:00:00,139,19658.48,141.43
furniture_living_room,2017-11-01 00:00:00,39,6212.95,159.31
luggage_accessories,2018-06-01 00:00:00,36,5070.88,140.86
small_appliances,2017-03-01 00:00:00,31,11171.06,360.36
garden_tools,2018-03-01 00:00:00,253,26773.88,105.83
electronics,2017-11-01 00:00:00,182,9992.99,54.91
electronics,2017-03-01 00:00:00,37,3986.0,107.73
toys,2017-10-01 00:00:00,283,33324.42,117.75
baby,2017-04-01 00:00:00,50,3930.55,78.61
pet_shop,2018-03-01 00:00:00,122,13400.21,109.84
telephony,2016-10-01 00:00:00,8,228.29,28.54
fashion_sport,2017-06-01 00:00:00,5,470.5,94.1
cool_stuff,2017-02-01 00:00:00,69,12454.6,180.5
perfumery,2017-01-01 00:00:00,34,5112.6,150.37
baby,2017-10-01 00:00:00,138,16497.5,119.55
stationery,2018-05-01 00:00:00,130,12923.39,99.41
drinks,2018-04-01 00:00:00,54,5016.44,92.9
cool_stuff,2017-01-01 00:00:00,37,6856.87,185.32
books_technical,2018-02-01 00:00:00,26,1411.21,54.28
office_furniture,2017-02-01 00:00:00,62,10845.98,174.94
fashion_bags_accessories,2017-12-01 00:00:00,134,9999.76,74.63
electronics,2017-06-01 00:00:00,41,2060.04,50.24
arts_and_craftmanship,2018-08-01 00:00:00,9,901.76,100.2
market_place,2017-10-01 00:00:00,11,1019.54,92.69
luggage_accessories,2018-08-01 00:00:00,64,6599.75,103.12
baby,2018-07-01 00:00:00,214,21834.12,102.03
luggage_accessories,2017-05-01 00:00:00,70,12539.62,179.14
costruction_tools_tools,2018-06-01 00:00:00,4,527.0,131.75
musical_instruments,2017-09-01 00:00:00,26,8507.4,327.21
audio,2017-09-01 00:00:00,10,1042.59,104.26
tablets_printing_image,2017-03-01 00:00:00,5,495.0,99.0
garden_tools,2017-09-01 00:00:00,222,22028.43,99.23
books_general_interest,2018-07-01 00:00:00,25,4077.45,163.1
costruction_tools_garden,2018-01-01 00:00:00,24,3927.98,163.67
books_general_interest,2017-10-01 00:00:00,11,734.5,66.77
air_conditioning,2017-09-01 00:00:00,7,1629.15,232.74
home_appliances_2,2018-02-01 00:00:00,21,8998.83,428.52
small_appliances,2017-11-01 00:00:00,28,6782.92,242.25
pet_shop,2017-09-01 00:00:00,71,8534.92,120.21
furniture_living_room,2017-06-01 00:00:00,15,1713.3,114.22
consoles_games,2018-04-01 00:00:00,40,5511.05,137.78
garden_tools,2017-07-01 00:00:00,184,18951.3,103.0
fashio_female_clothing,2018-08-01 00:00:00,3,129.97,43.32
fashion_shoes,2018-04-01 00:00:00,11,1438.7,130.79
signaling_and_security,2018-02-01 00:00:00,15,715.79,47.72
costruction_tools_garden,2017-11-01 00:00:00,17,1218.5,71.68
small_appliances,2017-06-01 00:00:00,23,9698.81,421.69
home_confort,2017-07-01 00:00:00,43,4563.85,106.14
home_confort,2018-03-01 00:00:00,21,2522.38,120.11
fashion_bags_accessories,2018-07-01 00:00:00,74,6071.07,82.04
home_confort,2017-09-01 00:00:00,33,4592.34,139.16
health_beauty,2016-10-01 00:00:00,40,3439.25,85.98
food,2018-02-01 00:00:00,38,1783.52,46.93
christmas_supplies,2017-09-01 00:00:00,4,254.7,63.68
computers,2018-07-01 00:00:00,8,11239.0,1404.88
furniture_bedroom,2018-02-01 00:00:00,7,895.8,127.97
christmas_supplies,2018-03-01 00:00:00,12,854.95,71.25
audio,2018-03-01 00:00:00,34,10606.69,311.96
fashion_male_clothing,2017-09-01 00:00:00,16,1177.5,73.59
furniture_mattress_and_upholstery,2018-01-01 00:00:00,9,860.5,95.61
art,2018-04-01 00:00:00,26,2140.28,82.32
industry_commerce_and_business,2017-03-01 00:00:00,2,238.0,119.0
fashion_underwear_beach,2017-10-01 00:00:00,3,187.8,62.6
home_construction,2017-04-01 00:00:00,5,1602.69,320.54
books_general_interest,2017-12-01 00:00:00,41,2352.2,57.37
tablets_printing_image,2017-06-01 00:00:00,6,594.0,99.0
tablets_printing_image,2017-11-01 00:00:00,6,350.4,58.4
bed_bath_table,2017-01-01 00:00:00,46,3804.36,82.7
christmas_supplies,2017-07-01 00:00:00,2,65.09,32.55
office_furniture,2017-01-01 00:00:00,8,1158.35,144.79
computers,2017-10-01 00:00:00,27,40393.92,1496.07
air_conditioning,2018-03-01 00:00:00,24,2507.68,104.49
market_place,2017-04-01 00:00:00,19,4045.28,212.91
fixed_telephony,2018-04-01 00:00:00,11,1921.94,174.72
kitchen_dining_laundry_garden_furniture,2018-04-01 00:00:00,19,3110.57,163.71
market_place,2017-12-01 00:00:00,14,703.25,50.23
books_general_interest,2017-04-01 00:00:00,12,923.38,76.95
flowers,2018-01-01 00:00:00,10,284.6,28.46
tablets_printing_image,2018-01-01 00:00:00,3,161.8,53.93
industry_commerce_and_business,2017-06-01 00:00:00,2,276.97,138.49
flowers,2017-11-01 00:00:00,6,187.8,31.3
market_place,2018-07-01 00:00:00,4,186.78,46.7
fashio_female_clothing,2017-05-01 00:00:00,4,367.5,91.88
dvds_blu_ray,2018-04-01 00:00:00,5,92.5,18.5
industry_commerce_and_business,2018-01-01 00:00:00,18,2681.1,148.95
arts_and_craftmanship,2017-05-01 00:00:00,1,21.99,21.99
fashio_female_clothing,2017-08-01 00:00:00,4,188.7,47.18
fashion_underwear_beach,2017-12-01 00:00:00,13,1173.1,90.24
fashion_underwear_beach,2018-07-01 00:00:00,2,109.8,54.9
costruction_tools_tools,2017-05-01 00:00:00,2,803.9,401.95
music,2018-04-01 00:00:00,5,1696.86,339.37
home_comfort_2,2017-03-01 00:00:00,3,342.88,114.29
fashion_sport,2017-11-01 00:00:00,1,59.9,59.9
audio,2017-07-01 00:00:00,6,673.69,112.28
fashion_sport,2018-01-01 00:00:00,2,119.8,59.9
air_conditioning,2017-07-01 00:00:00,5,1396.1,279.22
agro_industry_and_commerce,2018-05-01 00:00:00,8,3279.75,409.97
fashion_underwear_beach,2017-04-01 00:00:00,3,92.89,30.96
furniture_living_room,2017-03-01 00:00:00,24,3324.0,138.5
costruction_tools_garden,2017-06-01 00:00:00,4,434.69,108.67
construction_tools_safety,2017-02-01 00:00:00,1,379.0,379.0
furniture_mattress_and_upholstery,2017-11-01 00:00:00,2,334.0,167.0
la_cuisine,2018-04-01 00:00:00,2,280.0,140.0
party_supplies,2018-04-01 00:00:00,2,43.8,21.9
cds_dvds_musicals,2018-04-01 00:00:00,1,65.0,65.0
cine_photo,2017-02-01 00:00:00,1,59.0,59.0
fashion_sport,2017-03-01 00:00:00,1,39.9,39.9
home_comfort_2,2017-06-01 00:00:00,1,12.9,12.9
home_comfort_2,2017-11-01 00:00:00,3,38.7,12.9
unknown,2017-12-01 00:00:00,137,15497.67,113.12
diapers_and_hygiene,2018-01-01 00:00:00,5,125.0,25.0
unknown,2017-04-01 00:00:00,69,8448.19,122.44
unknown,2018-07-01 00:00:00,47,4612.0,98.13
unknown,2017-10-01 00:00:00,68,16321.27,240.02
portateis_cozinha_e_preparadores_de_alimentos,2018-07-01 00:00:00,8,172.03,21.5
cool_stuff,2017-12-01 00:00:00,248,37515.57,151.27
luggage_accessories,2018-01-01 00:00:00,126,18546.32,147.19
sports_leisure,2018-08-01 00:00:00,471,50860.18,107.98
furniture_decor,2017-01-01 00:00:00,177,13036.63,73.65
telephony,2018-02-01 00:00:00,354,13672.38,38.62
health_beauty,2018-02-01 00:00:00,650,84576.55,130.12
garden_tools,2018-04-01 00:00:00,282,34526.04,122.43
cool_stuff,2017-04-01 00:00:00,114,20902.39,183.35
small_appliances,2018-06-01 00:00:00,49,15431.63,314.93
perfumery,2017-04-01 00:00:00,101,19436.51,192.44
sports_leisure,2017-08-01 00:00:00,417,40624.77,97.42
sports_leisure,2017-05-01 00:00:00,304,33922.73,111.59
auto,2017-08-01 00:00:00,161,18922.61,117.53
bed_bath_table,2017-10-01 00:00:00,542,46007.7,84.89
computers_accessories,2018-07-01 00:00:00,418,41063.31,98.24
sports_leisure,2018-06-01 00:00:00,419,44916.01,107.2
housewares,2018-05-01 00:00:00,618,62824.57,101.66
consoles_games,2018-03-01 00:00:00,57,11826.22,207.48
furniture_living_room,2018-08-01 00:00:00,40,5223.34,130.58
auto,2018-08-01 00:00:00,370,45032.58,121.71
electronics,2018-08-01 00:00:00,119,10739.57,90.25
fashion_male_clothing,2018-04-01 00:00:00,1,195.0,195.0
art,2018-03-01 00:00:00,7,461.5,65.93
fashion_shoes,2018-03-01 00:00:00,11,1053.1,95.74
construction_tools_safety,2018-07-01 00:00:00,15,1888.95,125.93
auto,2018-06-01 00:00:00,295,44962.59,152.42
perfumery,2017-12-01 00:00:00,233,26448.94,113.51
cool_stuff,2018-07-01 00:00:00,115,21152.01,183.93
perfumery,2018-07-01 00:00:00,199,20645.97,103.75
stationery,2018-02-01 00:00:00,145,10090.53,69.59
construction_tools_lights,2018-07-01 00:00:00,55,7249.61,131.81
drinks,2017-09-01 00:00:00,6,244.98,40.83
office_furniture,2018-07-01 00:00:00,80,13225.28,165.32
toys,2017-01-01 00:00:00,41,4568.19,111.42
bed_bath_table,2017-12-01 00:00:00,546,50081.16,91.72
computers_accessories,2017-10-01 00:00:00,309,42009.38,135.95
costruction_tools_garden,2018-08-01 00:00:00,23,3688.76,160.38
computers_accessories,2017-12-01 00:00:00,284,37428.67,131.79
fashio_female_clothing,2017-06-01 00:00:00,3,154.8,51.6
home_appliances,2018-05-01 00:00:00,64,6149.67,96.09
home_confort,2018-04-01 00:00:00,18,1939.4,107.74
computers_accessories,2017-04-01 00:00:00,132,18353.46,139.04
furniture_decor,2017-02-01 00:00:00,257,19926.41,77.53
fashion_shoes,2017-09-01 00:00:00,13,1099.7,84.59
bed_bath_table,2018-07-01 00:00:00,617,54405.23,88.18
books_technical,2018-05-01 00:00:00,55,3040.53,55.28
bed_bath_table,2017-04-01 00:00:00,271,24092.89,88.9
small_appliances_home_oven_and_coffee,2018-07-01 00:00:00,15,4699.67,313.31
watches_gifts,2017-02-01 00:00:00,33,10992.39,333.1
fashion_underwear_beach,2017-02-01 00:00:00,8,396.97,49.62
auto,2017-05-01 00:00:00,113,17501.25,154.88
cool_stuff,2017-10-01 00:00:00,254,44348.23,174.6
small_appliances,2018-08-01 00:00:00,23,6168.06,268.18
baby,2017-02-01 00:00:00,32,2837.58,88.67
fashion_shoes,2017-07-01 00:00:00,19,1283.02,67.53
watches_gifts,2017-01-01 00:00:00,11,8086.52,735.14
market_place,2017-02-01 00:00:00,20,1574.22,78.71
fashion_bags_accessories,2017-02-01 00:00:00,36,2170.31,60.29
air_conditioning,2018-04-01 00:00:00,23,3261.79,141.82
electronics,2018-06-01 00:00:00,191,9664.57,50.6
drinks,2018-03-01 00:00:00,21,962.7,45.84
office_furniture,2017-04-01 00:00:00,58,9411.3,162.26
perfumery,2017-10-01 00:00:00,187,16877.82,90.26
food_drink,2018-03-01 00:00:00,19,2350.77,123.72
furniture_living_room,2018-06-01 00:00:00,29,3541.62,122.12
home_construction,2017-02-01 00:00:00,4,695.6,173.9
costruction_tools_garden,2017-05-01 00:00:00,7,1447.34,206.76
construction_tools_construction,2018-05-01 00:00:00,125,20748.6,165.99
kitchen_dining_laundry_garden_furniture,2018-03-01 00:00:00,12,2842.66,236.89
small_appliances,2017-05-01 00:00:00,18,5241.44,291.19
furniture_living_room,2017-08-01 00:00:00,23,2478.07,107.74
toys,2017-02-01 00:00:00,66,9353.44,141.72
consoles_games,2017-09-01 00:00:00,63,8150.57,129.37
pet_shop,2018-04-01 00:00:00,166,18282.97,110.14
small_appliances,2017-08-01 00:00:00,36,4297.01,119.36
luggage_accessories,2017-06-01 00:00:00,60,8142.19,135.7
office_furniture,2017-12-01 00:00:00,48,6684.37,139.26
furniture_living_room,2017-05-01 00:00:00,32,4479.45,139.98
luggage_accessories,2017-11-01 00:00:00,70,8301.15,118.59
food_drink,2017-07-01 00:00:00,8,168.2,21.03
tablets_printing_image,2017-05-01 00:00:00,7,1514.98,216.43
construction_tools_safety,2017-12-01 00:00:00,7,1384.92,197.85
fashion_underwear_beach,2017-01-01 00:00:00,2,137.25,68.63
la_cuisine,2017-07-01 00:00:00,4,469.99,117.5
musical_instruments,2018-04-01 00:00:00,60,19375.31,322.92
industry_commerce_and_business,2018-08-01 00:00:00,10,2364.69,236.47
electronics,2017-05-01 00:00:00,65,6149.11,94.6
fashion_sport,2017-05-01 00:00:00,3,124.84,41.61
fixed_telephony,2018-03-01 00:00:00,14,1930.59,137.9
baby,2017-01-01 00:00:00,40,6217.88,155.45
fashio_female_clothing,2017-03-01 00:00:00,1,19.9,19.9
signaling_and_security,2018-05-01 00:00:00,7,683.5,97.64
housewares,2016-10-01 00:00:00,12,1287.07,107.26
electronics,2017-08-01 00:00:00,56,2854.15,50.97
costruction_tools_tools,2018-01-01 00:00:00,8,532.3,66.54
costruction_tools_tools,2017-11-01 00:00:00,5,269.5,53.9
luggage_accessories,2017-03-01 00:00:00,38,5924.01,155.89
books_imported,2018-07-01 00:00:00,7,357.79,51.11
fashion_bags_accessories,2017-01-01 00:00:00,35,1671.97,47.77
christmas_supplies,2018-04-01 00:00:00,12,275.15,22.93
audio,2018-04-01 00:00:00,31,7045.07,227.26
books_imported,2017-12-01 00:00:00,3,231.0,77.0
agro_industry_and_commerce,2018-02-01 00:00:00,26,7385.3,284.05
fashion_sport,2017-08-01 00:00:00,2,265.8,132.9
music,2018-03-01 00:00:00,2,323.97,161.99
kitchen_dining_laundry_garden_furniture,2017-07-01 00:00:00,11,1316.5,119.68
dvds_blu_ray,2017-07-01 00:00:00,3,732.8,244.27
costruction_tools_garden,2018-06-01 00:00:00,11,799.44,72.68
books_imported,2017-04-01 00:00:00,1,19.99,19.99
costruction_tools_garden,2017-08-01 00:00:00,10,1286.19,128.62
tablets_printing_image,2017-08-01 00:00:00,6,450.89,75.15
consoles_games,2017-07-01 00:00:00,47,5411.24,115.13
office_furniture,2017-10-01 00:00:00,102,17890.83,175.4
industry_commerce_and_business,2018-06-01 00:00:00,25,2280.9,91.24
market_place,2017-01-01 00:00:00,5,414.14,82.83
home_appliances_2,2018-05-01 00:00:00,23,14441.24,627.88
food_drink,2017-09-01 00:00:00,9,310.86,34.54
food,2018-05-01 00:00:00,44,1542.93,35.07
furniture_bedroom,2018-05-01 00:00:00,6,1484.98,247.5
industry_commerce_and_business,2017-08-01 00:00:00,3,956.9,318.97
tablets_printing_image,2018-06-01 00:00:00,1,50.0,50.0
books_general_interest,2017-01-01 00:00:00,2,234.89,117.45
la_cuisine,2018-03-01 00:00:00,1,389.0,389.0
furniture_mattress_and_upholstery,2017-05-01 00:00:00,3,595.89,198.63
food,2016-10-01 00:00:00,1,79.9,79.9
music,2017-07-01 00:00:00,1,329.0,329.0
industry_commerce_and_business,2017-05-01 00:00:00,2,519.8,259.9
cine_photo,2018-07-01 00:00:00,7,1178.54,168.36
kitchen_dining_laundry_garden_furniture,2017-09-01 00:00:00,4,409.6,102.4
furniture_mattress_and_upholstery,2017-08-01 00:00:00,2,509.39,254.7
fixed_telephony,2017-09-01 00:00:00,13,13692.91,1053.3
fixed_telephony,2017-07-01 00:00:00,9,218.73,24.3
art,2017-07-01 00:00:00,3,386.75,128.92
books_general_interest,2017-02-01 00:00:00,8,772.71,96.59
fashion_bags_accessories,2016-12-01 00:00:00,1,10.9,10.9
art,2017-09-01 00:00:00,3,388.54,129.51
construction_tools_lights,2017-10-01 00:00:00,2,500.0,250.0
diapers_and_hygiene,2018-08-01 00:00:00,3,231.89,77.3
party_supplies,2018-03-01 00:00:00,6,913.9,152.32
computers,2017-01-01 00:00:00,1,2199.99,2199.99
cds_dvds_musicals,2017-07-01 00:00:00,5,225.0,45.0
dvds_blu_ray,2017-09-01 00:00:00,2,39.8,19.9
party_supplies,2017-09-01 00:00:00,2,269.8,134.9
flowers,2018-06-01 00:00:00,2,108.0,54.0
diapers_and_hygiene,2018-06-01 00:00:00,7,321.0,45.86
construction_tools_safety,2017-10-01 00:00:00,12,1668.85,139.07
dvds_blu_ray,2018-03-01 00:00:00,2,49.8,24.9
construction_tools_lights,2017-12-01 00:00:00,2,176.0,88.0
cine_photo,2017-04-01 00:00:00,2,118.0,59.0
cine_photo,2017-10-01 00:00:00,1,69.0,69.0
drinks,2017-07-01 00:00:00,3,273.97,91.32
fashio_female_clothing,2017-11-01 00:00:00,2,59.98,29.99
party_supplies,2017-07-01 00:00:00,1,69.9,69.9
fashio_female_clothing,2018-01-01 00:00:00,3,161.79,53.93
home_comfort_2,2017-08-01 00:00:00,3,38.7,12.9
home_comfort_2,2018-06-01 00:00:00,2,25.8,12.9
computers,2017-02-01 00:00:00,1,3549.0,3549.0
security_and_services,2017-01-01 00:00:00,1,183.29,183.29
fashion_sport,2018-08-01 00:00:00,1,69.9,69.9
unknown,2017-02-01 00:00:00,56,8521.11,152.16
pc_gamer,2018-02-01 00:00:00,1,129.99,129.99
unknown,2017-01-01 00:00:00,12,1603.64,133.64
art,2018-01-01 00:00:00,19,2540.77,133.72
musical_instruments,2018-06-01 00:00:00,47,16177.92,344.21
toys,2018-05-01 00:00:00,218,31538.41,144.67
baby,2016-10-01 00:00:00,11,1371.17,124.65
furniture_decor,2016-10-01 00:00:00,65,5690.52,87.55
cool_stuff,2018-02-01 00:00:00,180,29772.25,165.4
stationery,2018-07-01 00:00:00,190,17217.19,90.62
watches_gifts,2018-05-01 00:00:00,625,119364.98,190.98
garden_tools,2018-08-01 00:00:00,136,16314.7,119.96
computers_accessories,2018-02-01 00:00:00,971,100131.99,103.12
auto,2018-04-01 00:00:00,348,47989.41,137.9
sports_leisure,2018-04-01 00:00:00,586,65793.52,112.28
telephony,2017-10-01 00:00:00,244,20859.18,85.49
garden_tools,2017-08-01 00:00:00,233,22920.93,98.37
fashion_bags_accessories,2018-05-01 00:00:00,110,11490.17,104.46
health_beauty,2017-04-01 00:00:00,180,22156.34,123.09
air_conditioning,2017-05-01 00:00:00,7,914.87,130.7
pet_shop,2018-08-01 00:00:00,198,24608.07,124.28
bed_bath_table,2018-02-01 00:00:00,685,60366.29,88.13
stationery,2017-12-01 00:00:00,248,24793.1,99.97
home_construction,2018-05-01 00:00:00,79,10155.28,128.55
pet_shop,2017-08-01 00:00:00,89,10425.79,117.14
fixed_telephony,2017-06-01 00:00:00,12,933.67,77.81
luggage_accessories,2018-03-01 00:00:00,56,5851.77,104.5
fashion_shoes,2017-06-01 00:00:00,19,1279.38,67.34
garden_tools,2018-06-01 00:00:00,184,17948.72,97.55
air_conditioning,2018-06-01 00:00:00,15,3567.9,237.86
health_beauty,2018-07-01 00:00:00,770,103524.22,134.45
home_appliances_2,2017-01-01 00:00:00,7,1916.78,273.83
health_beauty,2017-10-01 00:00:00,350,40698.99,116.28
baby,2018-05-01 00:00:00,239,33253.65,139.14
electronics,2018-04-01 00:00:00,212,10840.23,51.13
consoles_games,2017-06-01 00:00:00,29,5309.03,183.07
costruction_tools_tools,2018-03-01 00:00:00,9,931.3,103.48
stationery,2017-04-01 00:00:00,35,4551.44,130.04
luggage_accessories,2017-09-01 00:00:00,42,3885.38,92.51
garden_tools,2017-05-01 00:00:00,138,20372.57,147.63
furniture_decor,2018-05-01 00:00:00,597,53706.45,89.96
consoles_games,2017-03-01 00:00:00,47,9834.04,209.23
health_beauty,2017-12-01 00:00:00,460,60688.75,131.93
telephony,2018-07-01 00:00:00,221,26492.68,119.88
fixed_telephony,2017-03-01 00:00:00,20,1333.45,66.67
consoles_games,2017-11-01 00:00:00,128,11772.28,91.97
fashion_male_clothing,2018-06-01 00:00:00,7,447.8,63.97
food,2017-02-01 00:00:00,8,676.73,84.59
perfumery,2018-02-01 00:00:00,211,20372.0,96.55
kitchen_dining_laundry_garden_furniture,2017-11-01 00:00:00,33,5007.39,151.74
food_drink,2017-11-01 00:00:00,33,2445.57,74.11
fixed_telephony,2018-01-01 00:00:00,10,2444.1,244.41
telephony,2017-12-01 00:00:00,260,12780.44,49.16
stationery,2017-10-01 00:00:00,96,7697.17,80.18
food_drink,2018-01-01 00:00:00,11,341.17,31.02
office_furniture,2018-02-01 00:00:00,107,17287.89,161.57
fashion_male_clothing,2018-08-01 00:00:00,3,381.69,127.23
consoles_games,2018-01-01 00:00:00,51,7313.28,143.4
fashion_shoes,2017-03-01 00:00:00,14,1515.0,108.21
books_general_interest,2018-05-01 00:00:00,50,5925.13,118.5
pet_shop,2017-05-01 00:00:00,73,8151.02,111.66
agro_industry_and_commerce,2018-07-01 00:00:00,27,6669.82,247.03
air_conditioning,2017-08-01 00:00:00,15,4271.73,284.78
home_appliances,2017-02-01 00:00:00,7,740.9,105.84
pet_shop,2018-06-01 00:00:00,178,19491.78,109.5
market_place,2016-10-01 00:00:00,11,915.29,83.21
furniture_living_room,2018-04-01 00:00:00,33,5041.83,152.78
luggage_accessories,2017-07-01 00:00:00,73,8311.71,113.86
construction_tools_safety,2018-02-01 00:00:00,8,5965.75,745.72
home_confort,2017-08-01 00:00:00,28,4000.19,142.86
music,2017-03-01 00:00:00,1,27.99,27.99
dvds_blu_ray,2017-03-01 00:00:00,4,453.7,113.42
telephony,2017-04-01 00:00:00,142,7133.94,50.24
musical_instruments,2018-08-01 00:00:00,41,10519.34,256.57
party_supplies,2017-11-01 00:00:00,3,850.7,283.57
small_appliances,2018-04-01 00:00:00,66,12071.76,182.91
home_confort,2018-08-01 00:00:00,16,2241.28,140.08
kitchen_dining_laundry_garden_furniture,2018-01-01 00:00:00,21,4838.5,230.4
audio,2017-05-01 00:00:00,17,2081.18,122.42
drinks,2017-03-01 00:00:00,5,463.87,92.77
costruction_tools_garden,2018-04-01 00:00:00,18,1326.79,73.71
air_conditioning,2018-08-01 00:00:00,21,3556.9,169.38
drinks,2017-11-01 00:00:00,18,674.12,37.45
industry_commerce_and_business,2018-04-01 00:00:00,53,5690.61,107.37
christmas_supplies,2018-08-01 00:00:00,10,529.37,52.94
christmas_supplies,2017-08-01 00:00:00,1,58.9,58.9
audio,2017-08-01 00:00:00,7,1050.7,150.1
cine_photo,2018-02-01 00:00:00,2,227.99,114.0
costruction_tools_tools,2017-09-01 00:00:00,3,916.89,305.63
musical_instruments,2017-05-01 00:00:00,20,9639.44,481.97
musical_instruments,2017-08-01 00:00:00,23,7089.55,308.24
home_confort,2017-05-01 00:00:00,35,5114.07,146.12
market_place,2018-05-01 00:00:00,14,957.45,68.39
toys,2016-10-01 00:00:00,24,4106.5,171.1
home_confort,2018-06-01 00:00:00,16,2386.49,149.16
drinks,2018-01-01 00:00:00,50,2227.61,44.55
audio,2018-08-01 00:00:00,26,2069.4,79.59
fashion_shoes,2017-11-01 00:00:00,19,1707.8,89.88
fashion_shoes,2018-01-01 00:00:00,9,666.7,74.08
audio,2018-06-01 00:00:00,20,1830.69,91.53
fashion_bags_accessories,2016-10-01 00:00:00,8,373.3,46.66
computers,2018-05-01 00:00:00,13,8699.92,669.22
construction_tools_construction,2017-02-01 00:00:00,3,336.79,112.26
kitchen_dining_laundry_garden_furniture,2017-03-01 00:00:00,3,113.98,37.99
dvds_blu_ray,2018-01-01 00:00:00,2,49.8,24.9
dvds_blu_ray,2017-06-01 00:00:00,4,126.69,31.67
housewares,2017-01-01 00:00:00,28,2827.58,100.98
construction_tools_lights,2018-02-01 00:00:00,17,1610.8,94.75
housewares,2017-02-01 00:00:00,69,11295.34,163.7
fixed_telephony,2017-11-01 00:00:00,5,943.98,188.8
flowers,2018-04-01 00:00:00,3,158.4,52.8
fashion_male_clothing,2017-08-01 00:00:00,14,1175.06,83.93
books_imported,2018-02-01 00:00:00,3,325.0,108.33
agro_industry_and_commerce,2017-12-01 00:00:00,11,5291.7,481.06
la_cuisine,2017-11-01 00:00:00,1,137.0,137.0
tablets_printing_image,2018-04-01 00:00:00,1,52.0,52.0
furniture_bedroom,2017-02-01 00:00:00,1,450.0,450.0
fashion_underwear_beach,2018-05-01 00:00:00,6,207.4,34.57
music,2017-06-01 00:00:00,4,1066.9,266.73
music,2018-01-01 00:00:00,1,24.97,24.97
christmas_supplies,2018-06-01 00:00:00,7,306.19,43.74
kitchen_dining_laundry_garden_furniture,2017-06-01 00:00:00,4,374.8,93.7
art,2017-06-01 00:00:00,4,200.3,50.08
fashion_male_clothing,2017-05-01 00:00:00,4,608.9,152.23
food,2017-01-01 00:00:00,2,42.82,21.41
agro_industry_and_commerce,2017-10-01 00:00:00,5,3350.28,670.06
fashio_female_clothing,2017-09-01 00:00:00,4,355.7,88.93
small_appliances_home_oven_and_coffee,2018-02-01 00:00:00,5,3024.9,604.98
watches_gifts,2016-10-01 00:00:00,4,2711.07,677.77
food_drink,2017-06-01 00:00:00,2,57.4,28.7
furniture_bedroom,2017-01-01 00:00:00,8,73.2,9.15
food_drink,2017-03-01 00:00:00,4,85.8,21.45
cds_dvds_musicals,2017-11-01 00:00:00,3,195.0,65.0
dvds_blu_ray,2017-11-01 00:00:00,3,79.79,26.6
fashio_female_clothing,2017-07-01 00:00:00,4,310.7,77.68
diapers_and_hygiene,2018-04-01 00:00:00,4,149.0,37.25
fashion_sport,2018-04-01 00:00:00,1,89.9,89.9
art,2017-03-01 00:00:00,4,174.6,43.65
party_supplies,2018-01-01 00:00:00,2,135.8,67.9
drinks,2017-06-01 00:00:00,1,49.99,49.99
fashio_female_clothing,2018-03-01 00:00:00,4,119.96,29.99
arts_and_craftmanship,2017-07-01 00:00:00,1,129.9,129.9
home_comfort_2,2018-04-01 00:00:00,1,12.9,12.9
art,2017-11-01 00:00:00,1,75.0,75.0
home_appliances_2,2017-02-01 00:00:00,1,15.99,15.99
la_cuisine,2018-01-01 00:00:00,1,112.0,112.0
books_technical,2017-02-01 00:00:00,1,159.0,159.0
unknown,2018-05-01 00:00:00,42,3097.04,73.74
pc_gamer,2017-04-01 00:00:00,2,259.98,129.99
pc_gamer,2018-07-01 00:00:00,2,438.0,219.0
unknown,2016-10-01 00:00:00,2,65.89,32.95
portateis_cozinha_e_preparadores_de_alimentos,2018-05-01 00:00:00,2,1958.0,979.0
baby,2018-02-01 00:00:00,172,25857.28,150.33
furniture_decor,2018-02-01 00:00:00,422,38002.36,90.05
luggage_accessories,2018-04-01 00:00:00,57,8680.48,152.29
fashion_shoes,2017-05-01 00:00:00,22,1669.54,75.89
sports_leisure,2017-09-01 00:00:00,453,48972.11,108.11
sports_leisure,2017-07-01 00:00:00,375,36618.83,97.65
watches_gifts,2018-02-01 00:00:00,324,60725.31,187.42
construction_tools_construction,2018-07-01 00:00:00,115,15237.47,132.5
consoles_games,2018-08-01 00:00:00,59,4381.31,74.26
garden_tools,2017-11-01 00:00:00,547,44275.18,80.94
electronics,2018-03-01 00:00:00,254,12394.51,48.8
sports_leisure,2018-03-01 00:00:00,732,81656.96,111.55
auto,2018-03-01 00:00:00,336,44081.96,131.2
fashion_male_clothing,2017-11-01 00:00:00,11,880.99,80.09
pet_shop,2017-11-01 00:00:00,97,11167.79,115.13
telephony,2017-02-01 00:00:00,106,6693.34,63.14
books_technical,2018-07-01 00:00:00,26,1994.93,76.73
party_supplies,2018-08-01 00:00:00,14,1285.29,91.81
bed_bath_table,2018-05-01 00:00:00,740,71265.07,96.3
auto,2017-09-01 00:00:00,107,14126.77,132.03
la_cuisine,2017-08-01 00:00:00,2,313.0,156.5
auto,2017-07-01 00:00:00,114,13886.85,121.81
small_appliances,2017-09-01 00:00:00,30,10030.74,334.36
housewares,2017-12-01 00:00:00,288,25285.96,87.8
housewares,2017-04-01 00:00:00,169,12472.18,73.8
perfumery,2018-05-01 00:00:00,197,24482.7,124.28
industry_commerce_and_business,2018-03-01 00:00:00,29,2922.45,100.77
garden_tools,2017-03-01 00:00:00,146,23508.76,161.02
garden_tools,2017-06-01 00:00:00,110,15447.09,140.43
audio,2017-11-01 00:00:00,36,3677.23,102.15
food_drink,2018-08-01 00:00:00,21,1028.61,48.98
housewares,2018-07-01 00:00:00,564,62583.3,110.96
computers_accessories,2018-05-01 00:00:00,453,50631.83,111.77
drinks,2018-06-01 00:00:00,33,1567.07,47.49
kitchen_dining_laundry_garden_furniture,2018-08-01 00:00:00,20,2011.47,100.57
music,2018-08-01 00:00:00,6,497.81,82.97
cool_stuff,2018-05-01 00:00:00,175,29949.12,171.14
electronics,2017-07-01 00:00:00,94,7266.04,77.3
pet_shop,2017-06-01 00:00:00,63,5123.57,81.33
home_confort,2017-03-01 00:00:00,13,2123.4,163.34
consoles_games,2018-06-01 00:00:00,43,6903.01,160.54
home_confort,2017-11-01 00:00:00,45,5355.39,119.01
pet_shop,2017-03-01 00:00:00,44,8240.06,187.27
air_conditioning,2018-01-01 00:00:00,29,4674.74,161.2
costruction_tools_garden,2017-09-01 00:00:00,5,251.6,50.32
health_beauty,2017-01-01 00:00:00,82,12366.44,150.81
books_general_interest,2018-02-01 00:00:00,28,1886.65,67.38
musical_instruments,2017-11-01 00:00:00,42,15776.89,375.64
party_supplies,2018-06-01 00:00:00,2,84.8,42.4
small_appliances,2017-07-01 00:00:00,31,3587.23,115.72
costruction_tools_garden,2018-03-01 00:00:00,22,2087.23,94.87
fashion_shoes,2017-08-01 00:00:00,22,1491.69,67.8
drinks,2017-08-01 00:00:00,2,119.9,59.95
fixed_telephony,2018-06-01 00:00:00,17,2080.32,122.37
christmas_supplies,2017-11-01 00:00:00,22,1312.6,59.66
garden_tools,2018-01-01 00:00:00,236,26793.06,113.53
construction_tools_construction,2017-12-01 00:00:00,27,5830.35,215.94
health_beauty,2017-02-01 00:00:00,154,22059.92,143.25
dvds_blu_ray,2017-08-01 00:00:00,6,113.4,18.9
musical_instruments,2018-01-01 00:00:00,51,15178.58,297.62
furniture_living_room,2017-07-01 00:00:00,30,3826.12,127.54
office_furniture,2018-05-01 00:00:00,104,20835.87,200.34
market_place,2018-02-01 00:00:00,28,1920.92,68.6
food_drink,2017-08-01 00:00:00,15,494.81,32.99
fashion_bags_accessories,2018-02-01 00:00:00,107,9786.63,91.46
housewares,2017-10-01 00:00:00,229,15883.68,69.36
pet_shop,2018-01-01 00:00:00,89,10796.06,121.3
signaling_and_security,2018-07-01 00:00:00,29,3785.19,130.52
air_conditioning,2017-11-01 00:00:00,19,4076.62,214.56
home_construction,2018-02-01 00:00:00,38,5225.9,137.52
stationery,2017-02-01 00:00:00,19,2341.4,123.23
small_appliances,2018-03-01 00:00:00,35,13952.18,398.63
consoles_games,2017-08-01 00:00:00,84,8054.75,95.89
music,2018-06-01 00:00:00,3,109.08,36.36
furniture_living_room,2018-03-01 00:00:00,19,3521.87,185.36
home_appliances,2018-07-01 00:00:00,78,5173.03,66.32
home_appliances,2017-12-01 00:00:00,16,1331.0,83.19
drinks,2017-05-01 00:00:00,1,90.0,90.0
toys,2018-02-01 00:00:00,139,14203.35,102.18
perfumery,2016-10-01 00:00:00,29,4829.1,166.52
costruction_tools_tools,2018-04-01 00:00:00,17,1332.99,78.41
drinks,2018-08-01 00:00:00,27,1423.26,52.71
food,2017-10-01 00:00:00,17,806.06,47.42
food_drink,2017-05-01 00:00:00,12,345.49,28.79
books_technical,2017-12-01 00:00:00,4,670.69,167.67
office_furniture,2016-10-01 00:00:00,6,1300.88,216.81
consoles_games,2017-05-01 00:00:00,29,2507.2,86.46
small_appliances_home_oven_and_coffee,2018-05-01 00:00:00,9,10161.6,1129.07
home_appliances_2,2018-07-01 00:00:00,23,12597.32,547.71
construction_tools_construction,2017-10-01 00:00:00,19,2576.18,135.59
fixed_telephony,2018-08-01 00:00:00,10,2724.17,272.42
fashion_male_clothing,2017-03-01 00:00:00,9,580.8,64.53
cool_stuff,2016-10-01 00:00:00,7,1046.1,149.44
home_appliances,2017-10-01 00:00:00,7,1837.68,262.53
furniture_bedroom,2017-10-01 00:00:00,3,943.9,314.63
food_drink,2018-06-01 00:00:00,11,293.85,26.71
electronics,2017-09-01 00:00:00,67,4338.96,64.76
telephony,2017-01-01 00:00:00,22,755.94,34.36
food,2018-07-01 00:00:00,64,3378.17,52.78
kitchen_dining_laundry_garden_furniture,2017-08-01 00:00:00,7,1006.2,143.74
home_confort,2017-06-01 00:00:00,17,2818.2,165.78
construction_tools_lights,2018-05-01 00:00:00,38,4354.81,114.6
furniture_living_room,2017-09-01 00:00:00,11,1275.87,115.99
kitchen_dining_laundry_garden_furniture,2017-05-01 00:00:00,9,1304.48,144.94
costruction_tools_garden,2017-07-01 00:00:00,8,347.58,43.45
home_appliances_2,2017-10-01 00:00:00,9,2104.27,233.81
home_confort,2018-01-01 00:00:00,18,3020.16,167.79
kitchen_dining_laundry_garden_furniture,2018-06-01 00:00:00,29,3538.43,122.01
dvds_blu_ray,2018-06-01 00:00:00,6,382.88,63.81
fashion_shoes,2018-08-01 00:00:00,3,471.3,157.1
dvds_blu_ray,2017-05-01 00:00:00,4,89.6,22.4
art,2018-06-01 00:00:00,28,2500.14,89.29
fashion_male_clothing,2017-06-01 00:00:00,9,519.79,57.75
stationery,2017-01-01 00:00:00,14,1561.99,111.57
construction_tools_safety,2018-05-01 00:00:00,22,6045.01,274.77
agro_industry_and_commerce,2017-02-01 00:00:00,7,224.84,32.12
cine_photo,2018-05-01 00:00:00,17,2108.29,124.02
air_conditioning,2017-06-01 00:00:00,11,2084.48,189.5
tablets_printing_image,2017-07-01 00:00:00,2,198.0,99.0
computers_accessories,2016-10-01 00:00:00,12,669.02,55.75
musical_instruments,2017-06-01 00:00:00,20,4993.05,249.65
food,2017-12-01 00:00:00,13,939.34,72.26
books_technical,2017-10-01 00:00:00,6,880.0,146.67
fashion_underwear_beach,2018-02-01 00:00:00,7,399.3,57.04
bed_bath_table,2016-10-01 00:00:00,8,478.99,59.87
fixed_telephony,2017-08-01 00:00:00,20,3343.54,167.18
christmas_supplies,2018-01-01 00:00:00,10,851.5,85.15
audio,2018-01-01 00:00:00,26,3820.28,146.93
home_appliances,2017-04-01 00:00:00,10,499.4,49.94
art,2017-05-01 00:00:00,6,6927.25,1154.54
flowers,2018-03-01 00:00:00,3,89.67,29.89
tablets_printing_image,2018-03-01 00:00:00,3,259.29,86.43
signaling_and_security,2017-12-01 00:00:00,2,770.0,385.0
tablets_printing_image,2017-09-01 00:00:00,3,233.9,77.97
fashion_shoes,2018-06-01 00:00:00,10,1230.58,123.06
air_conditioning,2017-03-01 00:00:00,17,4103.81,241.4
christmas_supplies,2017-06-01 00:00:00,3,184.7,61.57
audio,2017-03-01 00:00:00,14,1134.77,81.05
fixed_telephony,2017-05-01 00:00:00,9,445.83,49.54
books_imported,2018-05-01 00:00:00,10,410.92,41.09
home_appliances_2,2017-12-01 00:00:00,8,1990.16,248.77
musical_instruments,2017-03-01 00:00:00,10,1667.33,166.73
agro_industry_and_commerce,2017-01-01 00:00:00,3,65.97,21.99
arts_and_craftmanship,2018-04-01 00:00:00,1,15.99,15.99
books_technical,2017-04-01 00:00:00,1,75.0,75.0
fashion_sport,2017-09-01 00:00:00,5,384.6,76.92
furniture_mattress_and_upholstery,2017-07-01 00:00:00,1,109.4,109.4
furniture_mattress_and_upholstery,2017-09-01 00:00:00,1,86.5,86.5
art,2018-08-01 00:00:00,18,1481.39,82.3
food,2017-04-01 00:00:00,8,491.3,61.41
industry_commerce_and_business,2017-07-01 00:00:00,2,245.96,122.98
furniture_bedroom,2018-07-01 00:00:00,10,1386.9,138.69
audio,2017-06-01 00:00:00,11,1671.0,151.91
signaling_and_security,2017-04-01 00:00:00,3,128.06,42.69
fashion_male_clothing,2018-01-01 00:00:00,6,550.6,91.77
furniture_bedroom,2017-12-01 00:00:00,1,185.0,185.0
cds_dvds_musicals,2017-08-01 00:00:00,3,135.0,45.0
signaling_and_security,2017-10-01 00:00:00,10,744.0,74.4
industry_commerce_and_business,2017-09-01 00:00:00,2,219.98,109.99
fashion_sport,2018-03-01 00:00:00,1,89.9,89.9
art,2017-08-01 00:00:00,4,244.7,61.18
home_appliances_2,2017-04-01 00:00:00,2,799.8,399.9
furniture_bedroom,2017-04-01 00:00:00,3,628.98,209.66
dvds_blu_ray,2018-08-01 00:00:00,1,8.9,8.9
fashio_female_clothing,2018-04-01 00:00:00,5,174.95,34.99
fashion_childrens_clothes,2017-10-01 00:00:00,1,39.99,39.99
home_comfort_2,2017-09-01 00:00:00,1,12.9,12.9
home_comfort_2,2017-07-01 00:00:00,1,12.9,12.9
home_comfort_2,2018-03-01 00:00:00,1,34.99,34.99
la_cuisine,2017-05-01 00:00:00,1,193.0,193.0
fashion_sport,2017-07-01 00:00:00,1,69.9,69.9
furniture_mattress_and_upholstery,2018-03-01 00:00:00,4,440.0,110.0
unknown,2018-02-01 00:00:00,117,12691.97,108.48
diapers_and_hygiene,2018-03-01 00:00:00,5,125.0,25.0
furniture_decor,2018-04-01 00:00:00,586,56217.62,95.93
housewares,2018-08-01 00:00:00,616,58763.36,95.4
office_furniture,2018-03-01 00:00:00,200,30861.64,154.31
sports_leisure,2018-05-01 00:00:00,489,59209.92,121.08
electronics,2018-05-01 00:00:00,231,16176.79,70.03
bed_bath_table,2017-07-01 00:00:00,569,62786.96,110.35
stationery,2018-01-01 00:00:00,385,39522.72,102.66
stationery,2017-06-01 00:00:00,38,3493.57,91.94
watches_gifts,2018-04-01 00:00:00,494,88623.07,179.4
health_beauty,2018-01-01 00:00:00,619,71405.6,115.36
bed_bath_table,2018-03-01 00:00:00,777,67786.35,87.24
telephony,2017-11-01 00:00:00,371,26117.63,70.4
baby,2018-04-01 00:00:00,237,47201.22,199.16
housewares,2017-05-01 00:00:00,302,21374.9,70.78
bed_bath_table,2017-09-01 00:00:00,528,52105.61,98.68
signaling_and_security,2018-08-01 00:00:00,22,1825.59,82.98
home_appliances,2017-05-01 00:00:00,28,1912.79,68.31
health_beauty,2017-11-01 00:00:00,573,78274.4,136.6
housewares,2018-06-01 00:00:00,577,55912.61,96.9
luggage_accessories,2018-02-01 00:00:00,45,6423.55,142.75
stationery,2017-03-01 00:00:00,56,5902.62,105.4
perfumery,2017-07-01 00:00:00,121,12734.25,105.24
pet_shop,2017-01-01 00:00:00,14,799.12,57.08
office_furniture,2017-09-01 00:00:00,60,9118.67,151.98
consoles_games,2017-10-01 00:00:00,105,10380.72,98.86
construction_tools_construction,2018-08-01 00:00:00,162,22917.16,141.46
computers_accessories,2018-03-01 00:00:00,750,84708.39,112.94
garden_tools,2017-02-01 00:00:00,69,11734.62,170.07
consoles_games,2017-12-01 00:00:00,92,8885.01,96.58
toys,2018-04-01 00:00:00,202,23140.41,114.56
housewares,2017-08-01 00:00:00,280,23427.84,83.67
telephony,2018-01-01 00:00:00,368,14700.08,39.95
perfumery,2018-03-01 00:00:00,198,20081.88,101.42
cool_stuff,2017-09-01 00:00:00,203,37547.47,184.96
books_technical,2018-06-01 00:00:00,26,1747.43,67.21
drinks,2017-12-01 00:00:00,34,2132.84,62.73
home_appliances,2017-08-01 00:00:00,42,3921.35,93.37
health_beauty,2017-06-01 00:00:00,254,31676.81,124.71
health_beauty,2017-03-01 00:00:00,208,25652.45,123.33
consoles_games,2018-07-01 00:00:00,49,8519.11,173.86
stationery,2017-11-01 00:00:00,163,16406.19,100.65
construction_tools_safety,2018-03-01 00:00:00,22,5374.87,244.31
computers_accessories,2017-07-01 00:00:00,320,38176.22,119.3
cool_stuff,2017-07-01 00:00:00,228,36653.46,160.76
construction_tools_construction,2018-06-01 00:00:00,113,22947.72,203.08
books_technical,2018-08-01 00:00:00,29,1483.79,51.17
agro_industry_and_commerce,2018-01-01 00:00:00,18,5853.44,325.19
party_supplies,2017-12-01 00:00:00,2,515.2,257.6
musical_instruments,2017-02-01 00:00:00,9,2221.28,246.81
auto,2018-05-01 00:00:00,308,40851.44,132.63
costruction_tools_garden,2018-05-01 00:00:00,16,1073.28,67.08
food,2018-08-01 00:00:00,115,8174.18,71.08
pet_shop,2017-02-01 00:00:00,39,3584.87,91.92
food_drink,2017-12-01 00:00:00,21,1033.68,49.22
home_appliances,2018-06-01 00:00:00,65,5830.38,89.7
small_appliances,2018-05-01 00:00:00,48,10620.99,221.27
drinks,2018-07-01 00:00:00,16,1260.17,78.76
fashion_shoes,2017-12-01 00:00:00,13,1099.0,84.54
home_appliances,2018-08-01 00:00:00,63,6443.85,102.28
signaling_and_security,2018-06-01 00:00:00,27,5863.18,217.15
air_conditioning,2017-02-01 00:00:00,11,2405.3,218.66
fashion_childrens_clothes,2018-06-01 00:00:00,1,89.99,89.99
fashion_bags_accessories,2018-04-01 00:00:00,102,8218.85,80.58
art,2017-10-01 00:00:00,3,349.05,116.35
fashion_shoes,2017-10-01 00:00:00,18,1860.92,103.38
food,2018-06-01 00:00:00,24,1371.18,57.13
perfumery,2017-09-01 00:00:00,153,14051.3,91.84
food_drink,2017-10-01 00:00:00,17,2297.23,135.13
telephony,2017-06-01 00:00:00,157,6561.73,41.79
telephony,2017-03-01 00:00:00,165,7877.12,47.74
computers_accessories,2017-09-01 00:00:00,247,28040.65,113.52
cool_stuff,2018-03-01 00:00:00,253,37791.24,149.37
books_general_interest,2018-04-01 00:00:00,49,6274.51,128.05
food_drink,2017-04-01 00:00:00,3,47.9,15.97
garden_tools,2017-01-01 00:00:00,54,7466.95,138.28
drinks,2017-10-01 00:00:00,12,596.98,49.75
food,2017-08-01 00:00:00,8,364.5,45.56
home_appliances_2,2018-08-01 00:00:00,14,7532.76,538.05
fixed_telephony,2017-10-01 00:00:00,7,3751.88,535.98
signaling_and_security,2017-05-01 00:00:00,4,508.85,127.21
auto,2016-10-01 00:00:00,8,1128.26,141.03
office_furniture,2017-07-01 00:00:00,115,16892.61,146.89
kitchen_dining_laundry_garden_furniture,2017-04-01 00:00:00,9,1033.4,114.82
small_appliances_home_oven_and_coffee,2018-03-01 00:00:00,7,7890.9,1127.27
diapers_and_hygiene,2016-10-01 00:00:00,1,134.9,134.9
home_construction,2018-04-01 00:00:00,75,9204.65,122.73
home_appliances_2,2018-06-01 00:00:00,19,8312.72,437.51
music,2018-07-01 00:00:00,3,849.3,283.1
books_technical,2017-05-01 00:00:00,3,262.0,87.33
dvds_blu_ray,2017-12-01 00:00:00,1,119.9,119.9
small_appliances_home_oven_and_coffee,2017-09-01 00:00:00,1,640.99,640.99
books_technical,2017-08-01 00:00:00,9,1196.38,132.93
air_conditioning,2017-01-01 00:00:00,4,663.7,165.93
fixed_telephony,2017-12-01 00:00:00,5,998.77,199.75
home_appliances_2,2017-08-01 00:00:00,15,3686.55,245.77
agro_industry_and_commerce,2017-11-01 00:00:00,19,13932.49,733.29
construction_tools_construction,2017-08-01 00:00:00,7,1180.0,168.57
kitchen_dining_laundry_garden_furniture,2018-07-01 00:00:00,22,3736.95,169.86
tablets_printing_image,2018-05-01 00:00:00,1,49.9,49.9
fashion_male_clothing,2017-02-01 00:00:00,6,545.95,90.99
la_cuisine,2017-10-01 00:00:00,1,137.0,137.0
furniture_living_room,2018-05-01 00:00:00,16,2721.08,170.07
art,2017-04-01 00:00:00,1,119.9,119.9
art,2018-07-01 00:00:00,21,1843.2,87.77
party_supplies,2018-07-01 00:00:00,2,57.5,28.75
kitchen_dining_laundry_garden_furniture,2017-10-01 00:00:00,16,3428.6,214.29
fashion_shoes,2018-07-01 00:00:00,5,820.19,164.04
cine_photo,2018-03-01 00:00:00,7,711.79,101.68
industry_commerce_and_business,2018-05-01 00:00:00,40,3780.99,94.52
food,2017-05-01 00:00:00,3,387.9,129.3
sports_leisure,2016-10-01 00:00:00,17,2012.15,118.36
fixed_telephony,2018-07-01 00:00:00,11,9319.39,847.22
costruction_tools_tools,2018-02-01 00:00:00,12,1318.2,109.85
consoles_games,2017-04-01 00:00:00,17,3772.88,221.93
construction_tools_lights,2018-03-01 00:00:00,13,2536.7,195.13
computers,2018-04-01 00:00:00,15,13774.92,918.33
fashion_shoes,2017-04-01 00:00:00,23,1526.5,66.37
fashion_male_clothing,2017-01-01 00:00:00,1,126.9,126.9
fixed_telephony,2017-04-01 00:00:00,6,505.83,84.31
furniture_bedroom,2017-05-01 00:00:00,9,2369.97,263.33
kitchen_dining_laundry_garden_furniture,2017-12-01 00:00:00,20,4277.3,213.87
books_imported,2017-09-01 00:00:00,4,290.0,72.5
home_appliances_2,2017-05-01 00:00:00,7,1306.05,186.58
fashion_underwear_beach,2018-04-01 00:00:00,6,359.4,59.9
music,2017-10-01 00:00:00,1,54.9,54.9
fashion_childrens_clothes,2017-05-01 00:00:00,1,110.0,110.0
furniture_bedroom,2018-06-01 00:00:00,9,1559.99,173.33
market_place,2018-04-01 00:00:00,15,627.23,41.82
agro_industry_and_commerce,2017-03-01 00:00:00,2,81.99,41.0
home_confort,2017-02-01 00:00:00,3,414.66,138.22
food_drink,2018-07-01 00:00:00,17,778.73,45.81
signaling_and_security,2017-08-01 00:00:00,4,377.8,94.45
furniture_bedroom,2017-08-01 00:00:00,3,618.0,206.0
dvds_blu_ray,2018-07-01 00:00:00,1,83.99,83.99
art,2017-12-01 00:00:00,3,115.25,38.42
industry_commerce_and_business,2016-10-01 00:00:00,4,359.6,89.9
dvds_blu_ray,2017-10-01 00:00:00,4,174.6,43.65
furniture_bedroom,2018-08-01 00:00:00,12,2197.0,183.08
construction_tools_lights,2017-07-01 00:00:00,1,360.0,360.0
construction_tools_lights,2017-09-01 00:00:00,1,229.0,229.0
construction_tools_safety,2017-09-01 00:00:00,5,1124.54,224.91
party_supplies,2017-10-01 00:00:00,2,137.8,68.9
cds_dvds_musicals,2017-10-01 00:00:00,1,45.0,45.0
cds_dvds_musicals,2017-12-01 00:00:00,1,65.0,65.0
audio,2017-02-01 00:00:00,5,163.8,32.76
flowers,2018-05-01 00:00:00,1,16.4,16.4
cine_photo,2017-09-01 00:00:00,1,69.0,69.0
diapers_and_hygiene,2018-05-01 00:00:00,3,117.0,39.0
electronics,2016-10-01 00:00:00,1,107.99,107.99
fashio_female_clothing,2018-02-01 00:00:00,1,29.99,29.99
dvds_blu_ray,2017-04-01 00:00:00,2,1434.9,717.45
construction_tools_construction,2017-05-01 00:00:00,1,99.99,99.99
musical_instruments,2017-01-01 00:00:00,1,339.74,339.74
music,2017-04-01 00:00:00,2,59.8,29.9
agro_industry_and_commerce,2017-06-01 00:00:00,1,1390.0,1390.0
unknown,2018-04-01 00:00:00,74,7987.9,107.94
la_cuisine,2017-04-01 00:00:00,1,24.0,24.0
books_imported,2018-03-01 00:00:00,3,259.0,86.33
pc_gamer,2017-06-01 00:00:00,1,129.99,129.99
perfumery,2018-04-01 00:00:00,174,17430.41,100.17
home_appliances,2017-06-01 00:00:00,43,2507.19,58.31
toys,2017-09-01 00:00:00,289,29606.83,102.45
furniture_decor,2017-07-01 00:00:00,314,24028.12,76.52
health_beauty,2017-05-01 00:00:00,284,46340.06,163.17
toys,2017-07-01 00:00:00,203,23956.84,118.01
stationery,2017-08-01 00:00:00,80,6366.91,79.59
auto,2018-02-01 00:00:00,315,41048.51,130.31
health_beauty,2018-08-01 00:00:00,835,119391.01,142.98
bed_bath_table,2018-04-01 00:00:00,736,71379.61,96.98
small_appliances,2018-02-01 00:00:00,32,5245.16,163.91
air_conditioning,2017-04-01 00:00:00,15,2492.23,166.15
cool_stuff,2018-04-01 00:00:00,206,35025.41,170.03
stationery,2017-05-01 00:00:00,64,5600.18,87.5
telephony,2018-08-01 00:00:00,271,36572.91,134.96
garden_tools,2017-10-01 00:00:00,280,25798.75,92.14
watches_gifts,2018-03-01 00:00:00,421,95661.18,227.22
baby,2017-09-01 00:00:00,170,23232.45,136.66
housewares,2017-06-01 00:00:00,321,22978.21,71.58
health_beauty,2017-08-01 00:00:00,352,49030.23,139.29
musical_instruments,2017-12-01 00:00:00,42,10823.5,257.7
furniture_decor,2018-03-01 00:00:00,583,51319.97,88.03
musical_instruments,2018-07-01 00:00:00,36,7871.93,218.66
sports_leisure,2018-02-01 00:00:00,637,74540.95,117.02
furniture_decor,2017-09-01 00:00:00,343,30554.92,89.08
books_general_interest,2018-03-01 00:00:00,38,1691.94,44.52
office_furniture,2018-04-01 00:00:00,131,19997.8,152.65
garden_tools,2018-07-01 00:00:00,177,25639.88,144.86
housewares,2017-11-01 00:00:00,412,33872.42,82.21
baby,2018-03-01 00:00:00,215,40818.75,189.85
pet_shop,2018-07-01 00:00:00,158,19343.85,122.43
telephony,2018-06-01 00:00:00,216,22669.86,104.95
housewares,2018-01-01 00:00:00,351,37446.74,106.69
pet_shop,2017-10-01 00:00:00,76,8243.58,108.47
musical_instruments,2017-10-01 00:00:00,19,6329.26,333.12
home_construction,2018-03-01 00:00:00,43,5250.51,122.1
fashion_bags_accessories,2017-07-01 00:00:00,86,5063.21,58.87
telephony,2017-08-01 00:00:00,132,10553.31,79.95
toys,2018-03-01 00:00:00,225,22817.55,101.41
luggage_accessories,2018-05-01 00:00:00,49,6618.46,135.07
market_place,2017-09-01 00:00:00,11,1147.21,104.29
stationery,2018-06-01 00:00:00,167,12859.08,77.0
stationery,2018-08-01 00:00:00,169,15445.65,91.39
fixed_telephony,2017-02-01 00:00:00,22,759.23,34.51
watches_gifts,2017-09-01 00:00:00,264,44748.96,169.5
health_beauty,2018-06-01 00:00:00,875,106745.72,122.0
books_general_interest,2017-09-01 00:00:00,14,932.24,66.59
construction_tools_construction,2018-01-01 00:00:00,48,9664.18,201.34
costruction_tools_garden,2018-02-01 00:00:00,20,1538.25,76.91
home_appliances_2,2018-01-01 00:00:00,13,8630.1,663.85
pet_shop,2017-12-01 00:00:00,72,7126.74,98.98
pet_shop,2017-04-01 00:00:00,51,6182.89,121.23
agro_industry_and_commerce,2018-08-01 00:00:00,18,5021.09,278.95
garden_tools,2017-04-01 00:00:00,108,17648.93,163.42
books_technical,2017-11-01 00:00:00,6,768.9,128.15
housewares,2017-03-01 00:00:00,196,12906.96,65.85
telephony,2017-05-01 00:00:00,214,8844.39,41.33
fashion_bags_accessories,2018-03-01 00:00:00,137,10096.51,73.7
computers_accessories,2018-04-01 00:00:00,526,57370.9,109.07
furniture_living_room,2018-02-01 00:00:00,26,4402.78,169.34
home_appliances,2017-11-01 00:00:00,25,4515.94,180.64
watches_gifts,2017-07-01 00:00:00,162,33702.42,208.04
construction_tools_construction,2017-11-01 00:00:00,47,6993.56,148.8
christmas_supplies,2017-10-01 00:00:00,12,388.05,32.34
home_confort,2018-07-01 00:00:00,23,2906.48,126.37
christmas_supplies,2017-04-01 00:00:00,1,69.0,69.0
fashion_bags_accessories,2017-09-01 00:00:00,122,11778.24,96.54
electronics,2018-02-01 00:00:00,331,14764.7,44.61
industry_commerce_and_business,2018-02-01 00:00:00,37,4735.59,127.99
food,2017-03-01 00:00:00,21,2412.66,114.89
baby,2017-07-01 00:00:00,125,15461.41,123.69
garden_tools,2017-12-01 00:00:00,323,26795.69,82.96
fashion_underwear_beach,2018-03-01 00:00:00,5,289.4,57.88
market_place,2018-03-01 00:00:00,17,1548.74,91.1
audio,2018-07-01 00:00:00,22,2062.64,93.76
fashion_male_clothing,2017-10-01 00:00:00,10,971.9,97.19
consoles_games,2017-01-01 00:00:00,21,4514.44,214.97
audio,2017-12-01 00:00:00,17,2686.93,158.05
air_conditioning,2018-07-01 00:00:00,17,2657.86,156.34
fashion_male_clothing,2017-12-01 00:00:00,4,450.89,112.72
books_technical,2018-01-01 00:00:00,17,1176.55,69.21
fashion_male_clothing,2018-07-01 00:00:00,5,208.7,41.74
home_appliances,2018-01-01 00:00:00,27,1725.15,63.89
computers,2017-09-01 00:00:00,40,51228.89,1280.72
market_place,2017-07-01 00:00:00,13,1573.38,121.03
small_appliances_home_oven_and_coffee,2018-04-01 00:00:00,13,13211.99,1016.31
christmas_supplies,2017-12-01 00:00:00,16,493.9,30.87
fixed_telephony,2017-01-01 00:00:00,22,677.12,30.78
air_conditioning,2017-12-01 00:00:00,3,668.8,222.93
furniture_bedroom,2017-06-01 00:00:00,2,308.99,154.5
kitchen_dining_laundry_garden_furniture,2017-02-01 00:00:00,2,139.9,69.95
fashion_male_clothing,2017-04-01 00:00:00,5,366.89,73.38
security_and_services,2017-09-01 00:00:00,1,100.0,100.0
tablets_printing_image,2018-02-01 00:00:00,13,694.97,53.46
home_confort,2017-10-01 00:00:00,27,3619.8,134.07
furniture_bedroom,2017-11-01 00:00:00,3,873.0,291.0
home_confort,2017-12-01 00:00:00,14,2257.8,161.27
flowers,2018-02-01 00:00:00,4,134.48,33.62
food,2017-06-01 00:00:00,1,149.9,149.9
home_appliances_2,2017-11-01 00:00:00,13,4854.93,373.46
construction_tools_lights,2018-04-01 00:00:00,47,4962.67,105.59
signaling_and_security,2018-01-01 00:00:00,8,1048.79,131.1
agro_industry_and_commerce,2017-05-01 00:00:00,4,1579.94,394.99
construction_tools_safety,2018-04-01 00:00:00,24,2887.26,120.3
fashion_shoes,2017-02-01 00:00:00,3,107.05,35.68
musical_instruments,2017-04-01 00:00:00,16,3818.43,238.65
fashion_underwear_beach,2017-09-01 00:00:00,16,1619.9,101.24
air_conditioning,2017-10-01 00:00:00,12,2562.42,213.54
audio,2017-10-01 00:00:00,31,2328.58,75.12
home_construction,2017-09-01 00:00:00,11,1357.81,123.44
agro_industry_and_commerce,2018-06-01 00:00:00,10,3515.8,351.58
christmas_supplies,2018-07-01 00:00:00,8,509.56,63.69
signaling_and_security,2017-11-01 00:00:00,5,596.79,119.36
home_appliances,2017-03-01 00:00:00,10,313.3,31.33
home_confort,2017-04-01 00:00:00,17,2411.1,141.83
books_general_interest,2017-07-01 00:00:00,13,1292.4,99.42
audio,2017-04-01 00:00:00,11,942.2,85.65
books_technical,2017-03-01 00:00:00,2,75.0,37.5
home_appliances_2,2017-03-01 00:00:00,2,500.9,250.45
consoles_games,2017-02-01 00:00:00,18,4294.77,238.6
food,2018-01-01 00:00:00,19,829.56,43.66
books_imported,2018-04-01 00:00:00,4,317.99,79.5
dvds_blu_ray,2017-01-01 00:00:00,2,29.8,14.9
arts_and_craftmanship,2018-05-01 00:00:00,1,89.8,89.8
home_appliances_2,2017-06-01 00:00:00,6,1213.87,202.31
fashion_underwear_beach,2017-07-01 00:00:00,3,274.8,91.6
costruction_tools_tools,2018-05-01 00:00:00,5,417.9,83.58
food,2017-11-01 00:00:00,14,498.09,35.58
kitchen_dining_laundry_garden_furniture,2017-01-01 00:00:00,1,110.0,110.0
furniture_mattress_and_upholstery,2018-02-01 00:00:00,5,344.7,68.94
signaling_and_security,2017-03-01 00:00:00,1,75.0,75.0
books_technical,2017-06-01 00:00:00,2,145.9,72.95
furniture_bedroom,2018-01-01 00:00:00,5,914.8,182.96
fashion_childrens_clothes,2017-06-01 00:00:00,1,110.0,110.0
fashio_female_clothing,2016-10-01 00:00:00,1,54.9,54.9
signaling_and_security,2017-06-01 00:00:00,1,134.0,134.0
cine_photo,2018-04-01 00:00:00,5,521.74,104.35
fashion_shoes,2017-01-01 00:00:00,1,34.9,34.9
agro_industry_and_commerce,2017-08-01 00:00:00,4,88.0,22.0
home_comfort_2,2018-02-01 00:00:00,3,38.7,12.9
construction_tools_construction,2017-06-01 00:00:00,8,376.37,47.05
music,2017-01-01 00:00:00,2,19.8,9.9
unknown,2018-03-01 00:00:00,133,16625.22,125.0
diapers_and_hygiene,2018-02-01 00:00:00,4,100.0,25.0
home_construction,2017-07-01 00:00:00,2,93.6,46.8
dvds_blu_ray,2017-02-01 00:00:00,1,14.9,14.9
construction_tools_construction,2017-03-01 00:00:00,1,38.9,38.9
unknown,2017-07-01 00:00:00,58,2967.86,51.17
pc_gamer,2017-05-01 00:00:00,1,129.99,129.99
unknown,2017-09-01 00:00:00,73,5774.15,79.1
pc_gamer,2018-08-01 00:00:00,1,219.0,219.0
sports_leisure,2018-07-01 00:00:00,460,54015.89,117.43
furniture_decor,2017-11-01 00:00:00,767,62091.27,80.95
bed_bath_table,2018-08-01 00:00:00,655,60891.09,92.96
construction_tools_safety,2018-06-01 00:00:00,16,2565.37,160.34
computers_accessories,2017-05-01 00:00:00,309,44759.39,144.85
bed_bath_table,2018-06-01 00:00:00,764,70857.08,92.74
auto,2017-12-01 00:00:00,263,39019.96,148.36
cool_stuff,2017-08-01 00:00:00,256,38264.51,149.47
furniture_decor,2018-01-01 00:00:00,595,53798.81,90.42
toys,2017-11-01 00:00:00,485,62611.26,129.1
pet_shop,2018-02-01 00:00:00,99,9218.24,93.11
perfumery,2017-05-01 00:00:00,143,19982.06,139.73
bed_bath_table,2017-05-01 00:00:00,361,32684.6,90.54
health_beauty,2018-04-01 00:00:00,685,91058.45,132.93
watches_gifts,2018-01-01 00:00:00,355,73521.24,207.1
sports_leisure,2017-12-01 00:00:00,484,58722.48,121.33
fashion_bags_accessories,2017-11-01 00:00:00,193,12849.33,66.58
fashion_bags_accessories,2017-06-01 00:00:00,81,6722.13,82.99
consoles_games,2018-05-01 00:00:00,52,5279.27,101.52
bed_bath_table,2017-08-01 00:00:00,506,56580.63,111.82
housewares,2018-03-01 00:00:00,390,35052.12,89.88
fashion_bags_accessories,2018-01-01 00:00:00,125,7931.72,63.45
books_general_interest,2017-06-01 00:00:00,20,1922.18,96.11
perfumery,2017-08-01 00:00:00,127,13085.1,103.03
fashion_underwear_beach,2017-11-01 00:00:00,10,1221.6,122.16
electronics,2018-07-01 00:00:00,151,9270.95,61.4
fashion_shoes,2018-05-01 00:00:00,10,1582.7,158.27
cool_stuff,2018-08-01 00:00:00,119,15794.89,132.73
baby,2018-01-01 00:00:00,219,29833.88,136.23
housewares,2017-09-01 00:00:00,249,19941.56,80.09
construction_tools_lights,2018-08-01 00:00:00,62,8212.53,132.46
sports_leisure,2017-04-01 00:00:00,203,22997.06,113.29
furniture_decor,2017-03-01 00:00:00,315,22133.47,70.26
electronics,2017-04-01 00:00:00,48,4822.24,100.46
office_furniture,2017-05-01 00:00:00,56,8403.43,150.06
home_construction,2017-11-01 00:00:00,38,4936.72,129.91
sports_leisure,2017-10-01 00:00:00,462,48568.98,105.13
housewares,2017-07-01 00:00:00,271,20251.53,74.73
perfumery,2018-06-01 00:00:00,186,26963.93,144.97
computers_accessories,2017-08-01 00:00:00,341,33826.47,99.2
books_technical,2018-03-01 00:00:00,17,913.47,53.73
watches_gifts,2017-11-01 00:00:00,463,95292.34,205.81
auto,2018-07-01 00:00:00,341,43466.79,127.47
cool_stuff,2017-05-01 00:00:00,241,32481.6,134.78
fashion_underwear_beach,2017-03-01 00:00:00,6,394.14,65.69
perfumery,2018-08-01 00:00:00,218,24839.74,113.94
toys,2017-06-01 00:00:00,156,15337.55,98.32
computers_accessories,2018-06-01 00:00:00,400,41695.38,104.24
fashion_bags_accessories,2017-03-01 00:00:00,66,4786.36,72.52
telephony,2018-04-01 00:00:00,279,16312.06,58.47
computers_accessories,2018-08-01 00:00:00,415,40052.64,96.51
tablets_printing_image,2017-04-01 00:00:00,11,1112.88,101.17
furniture_decor,2017-06-01 00:00:00,230,16614.29,72.24
home_appliances,2018-03-01 00:00:00,70,9876.59,141.09
air_conditioning,2018-02-01 00:00:00,12,2626.89,218.91
toys,2018-01-01 00:00:00,161,21382.85,132.81
garden_tools,2018-02-01 00:00:00,293,26489.13,90.41
electronics,2017-12-01 00:00:00,209,8518.61,40.76
home_appliances_2,2017-07-01 00:00:00,7,1033.99,147.71
stationery,2018-04-01 00:00:00,152,11263.45,74.1
auto,2017-10-01 00:00:00,148,21419.39,144.73
fashion_underwear_beach,2017-06-01 00:00:00,1,3.9,3.9
market_place,2017-03-01 00:00:00,17,1808.59,106.39
baby,2017-11-01 00:00:00,197,21048.19,106.84
auto,2017-04-01 00:00:00,84,15149.32,180.35
small_appliances,2017-10-01 00:00:00,32,6464.85,202.03
costruction_tools_garden,2017-04-01 00:00:00,8,1490.21,186.28
office_furniture,2017-08-01 00:00:00,58,9877.36,170.3
books_general_interest,2017-11-01 00:00:00,37,2630.97,71.11
art,2018-05-01 00:00:00,34,2491.97,73.29
market_place,2017-11-01 00:00:00,16,1355.98,84.75
cool_stuff,2018-06-01 00:00:00,103,19316.37,187.54
furniture_living_room,2018-07-01 00:00:00,54,6706.64,124.2
watches_gifts,2017-03-01 00:00:00,79,24892.38,315.09
industry_commerce_and_business,2018-07-01 00:00:00,14,4697.21,335.52
home_construction,2018-01-01 00:00:00,40,5747.78,143.69
furniture_living_room,2017-10-01 00:00:00,19,1532.79,80.67
toys,2017-03-01 00:00:00,102,12339.57,120.98
fashion_childrens_clothes,2017-09-01 00:00:00,1,89.99,89.99
home_appliances,2017-07-01 00:00:00,37,3671.99,99.24
watches_gifts,2017-06-01 00:00:00,119,27337.63,229.73
books_general_interest,2017-03-01 00:00:00,24,2533.96,105.58
construction_tools_construction,2018-03-01 00:00:00,66,9446.58,143.13
musical_instruments,2018-02-01 00:00:00,44,9015.73,204.9
costruction_tools_garden,2017-12-01 00:00:00,6,928.9,154.82
costruction_tools_garden,2018-07-01 00:00:00,22,1922.66,87.39
market_place,2018-01-01 00:00:00,14,818.72,58.48
construction_tools_lights,2018-06-01 00:00:00,44,4583.41,104.17
home_confort,2018-02-01 00:00:00,21,3012.76,143.46
food_drink,2018-05-01 00:00:00,25,1239.44,49.58
books_imported,2018-08-01 00:00:00,1,749.0,749.0
electronics,2017-10-01 00:00:00,62,3376.35,54.46
luggage_accessories,2017-02-01 00:00:00,20,1659.19,82.96
small_appliances,2018-07-01 00:00:00,42,8161.35,194.32
office_furniture,2018-06-01 00:00:00,76,12125.58,159.55
home_construction,2017-06-01 00:00:00,8,1992.3,249.04
office_furniture,2018-08-01 00:00:00,30,6758.87,225.3
home_appliances,2017-09-01 00:00:00,10,1820.19,182.02
home_appliances_2,2018-03-01 00:00:00,12,5648.2,470.68
furniture_bedroom,2017-07-01 00:00:00,4,1077.99,269.5
agro_industry_and_commerce,2018-04-01 00:00:00,12,4500.7,375.06
small_appliances,2017-04-01 00:00:00,20,23114.98,1155.75
baby,2017-03-01 00:00:00,42,3592.28,85.53
cine_photo,2018-06-01 00:00:00,13,435.85,33.53
furniture_living_room,2017-12-01 00:00:00,20,2316.01,115.8
books_general_interest,2018-01-01 00:00:00,44,2160.2,49.1
fixed_telephony,2018-05-01 00:00:00,16,1846.2,115.39
luggage_accessories,2017-01-01 00:00:00,5,492.5,98.5
construction_tools_construction,2017-09-01 00:00:00,10,1240.3,124.03
dvds_blu_ray,2018-05-01 00:00:00,7,439.94,62.85
signaling_and_security,2018-03-01 00:00:00,9,921.9,102.43
construction_tools_safety,2018-08-01 00:00:00,25,3970.22,158.81
home_appliances_2,2017-09-01 00:00:00,6,1627.8,271.3
furniture_bedroom,2018-03-01 00:00:00,6,1071.8,178.63
fashion_male_clothing,2018-02-01 00:00:00,3,388.09,129.36
fashio_female_clothing,2017-02-01 00:00:00,3,363.9,121.3
fashio_female_clothing,2017-01-01 00:00:00,2,77.3,38.65
fashion_shoes,2016-10-01 00:00:00,1,29.99,29.99
signaling_and_security,2017-07-01 00:00:00,5,475.91,95.18
industry_commerce_and_business,2017-12-01 00:00:00,9,1828.5,203.17
food,2017-07-01 00:00:00,7,584.16,83.45
food,2018-03-01 00:00:00,35,1559.9,44.57
baby,2017-06-01 00:00:00,78,7864.74,100.83
small_appliances,2017-12-01 00:00:00,27,7539.77,279.25
drinks,2018-05-01 00:00:00,47,2505.99,53.32
computers,2018-01-01 00:00:00,11,6851.0,622.82
market_place,2017-06-01 00:00:00,16,1258.95,78.68
books_technical,2017-09-01 00:00:00,8,1001.35,125.17
music,2018-05-01 00:00:00,5,729.0,145.8
party_supplies,2018-05-01 00:00:00,4,100.7,25.17
small_appliances_home_oven_and_coffee,2018-08-01 00:00:00,17,2996.72,176.28
books_imported,2017-08-01 00:00:00,1,61.0,61.0
fashion_underwear_beach,2018-01-01 00:00:00,8,754.5,94.31
costruction_tools_garden,2017-10-01 00:00:00,9,746.9,82.99
christmas_supplies,2018-02-01 00:00:00,24,2059.65,85.82
audio,2018-02-01 00:00:00,15,2828.49,188.57
flowers,2017-12-01 00:00:00,2,82.7,41.35
tablets_printing_image,2017-12-01 00:00:00,6,419.4,69.9
furniture_living_room,2017-04-01 00:00:00,12,2073.34,172.78
tablets_printing_image,2017-10-01 00:00:00,1,99.0,99.0
cine_photo,2018-08-01 00:00:00,9,595.29,66.14
diapers_and_hygiene,2017-12-01 00:00:00,2,76.0,38.0
health_beauty,2016-09-01 00:00:00,3,134.97,44.99
fashion_sport,2017-10-01 00:00:00,1,59.9,59.9
fixed_telephony,2016-10-01 00:00:00,5,704.88,140.98
consoles_games,2016-10-01 00:00:00,7,3619.36,517.05
books_imported,2018-06-01 00:00:00,9,468.17,52.02
kitchen_dining_laundry_garden_furniture,2018-05-01 00:00:00,13,2310.09,177.7
fashion_sport,2017-04-01 00:00:00,4,189.78,47.45
signaling_and_security,2017-09-01 00:00:00,9,438.4,48.71
furniture_mattress_and_upholstery,2017-04-01 00:00:00,1,109.4,109.4
furniture_bedroom,2017-09-01 00:00:00,4,709.6,177.4
fashion_sport,2017-12-01 00:00:00,1,59.9,59.9
industry_commerce_and_business,2017-10-01 00:00:00,5,2256.69,451.34
flowers,2018-07-01 00:00:00,2,47.99,23.99
furniture_mattress_and_upholstery,2017-12-01 00:00:00,8,803.7,100.46
home_construction,2017-03-01 00:00:00,10,591.96,59.2
food,2017-09-01 00:00:00,17,992.92,58.41
small_appliances_home_oven_and_coffee,2017-08-01 00:00:00,1,21.9,21.9
construction_tools_lights,2017-08-01 00:00:00,2,589.0,294.5
construction_tools_safety,2017-08-01 00:00:00,1,8.9,8.9
small_appliances_home_oven_and_coffee,2018-06-01 00:00:00,3,3499.0,1166.33
furniture_mattress_and_upholstery,2018-07-01 00:00:00,1,129.9,129.9
diapers_and_hygiene,2018-07-01 00:00:00,3,121.0,40.33
cine_photo,2017-05-01 00:00:00,1,59.0,59.0
construction_tools_construction,2017-07-01 00:00:00,6,549.44,91.57
books_technical,2017-07-01 00:00:00,2,528.0,264.0
fashion_childrens_clothes,2018-03-01 00:00:00,2,79.98,39.99
computers,2017-11-01 00:00:00,7,9768.0,1395.43
home_comfort_2,2018-07-01 00:00:00,3,38.7,12.9
home_comfort_2,2017-10-01 00:00:00,5,64.5,12.9
home_comfort_2,2017-04-01 00:00:00,1,12.9,12.9
unknown,2018-01-01 00:00:00,193,20993.63,108.78
unknown,2017-11-01 00:00:00,118,13786.55,116.84
unknown,2017-03-01 00:00:00,60,6457.17,107.62
unknown,2017-06-01 00:00:00,58,4902.4,84.52
